Title,budget,opening weekend,worldwide gross,Rotten Tomatoes score
Avatar,,48728433.766666666,2923706026.0,82
Avengers: Endgame,,46657318.333333336,2799439100.0,94
Titanic,,36578182.733333334,2194690964.0,88
Star Wars: Episode VII - The Force Awakens,,34521836.96666667,2071310218.0,93
Avengers: Infinity War,,34206917.31666667,2052415039.0,85
Jurassic World,,27858957.4,1671537444.0,71
The Lion King,,27717923.35,1663075401.0,93
The Lion King,,27717923.35,1663075401.0,93
The Avengers,,25342308.933333334,1520538536.0,91
Furious 7,,25255689.983333334,1515341399.0,81
Frozen II,,24228057.933333334,1453683476.0,77
Avengers: Age of Ultron,,23416967.466666665,1405018048.0,76
Black Panther,,22498768.05,1349926083.0,96
Jurassic World: Fallen Kingdom,,21841104.933333334,1310466296.0,47
Frozen,,21409008.633333333,1284540518.0,90
Frozen,,21409008.633333333,1284540518.0,90
Beauty and the Beast,,21101932.733333334,1266115964.0,94
Beauty and the Beast,,21101932.733333334,1266115964.0,94
Incredibles 2,,20720427.783333335,1243225667.0,93
The Fate of the Furious,,20600085.3,1236005118.0,67
Iron Man 3,,20259620.083333332,1215577205.0,79
Minions,,19324077.7,1159444662.0,55
Captain America: Civil War,,19250773.6,1155046416.0,90
The Lord of the Rings: The Return of the King,,19107629.133333333,1146457748.0,93
Captain Marvel,,18856940.766666666,1131416446.0,79
Transformers: Dark of the Moon,,18729901.316666666,1123794079.0,35
Jurassic Park,,18496705.35,1109802321.0,91
Skyfall,,18476158.316666666,1108569499.0,92
Transformers: Age of Extinction,,18400901.2,1104054072.0,17
The Dark Knight Rises,,18019497.083333332,1081169825.0,87
Joker,,17907638.033333335,1074458282.0,68
Toy Story 4,,17897356.566666666,1073841394.0,97
Toy Story 3,,17788601.683333334,1067316101.0,98
Pirates of the Caribbean: Dead Man's Chest,,17769662.45,1066179747.0,53
Rogue One: A Star Wars Story,,17644702.366666667,1058682142.0,84
Aladdin,,17571733.333333332,1054304000.0,95
Aladdin,,17571733.333333332,1054304000.0,95
Pirates of the Caribbean: On Stranger Tides,,17445354.433333334,1046721266.0,33
Despicable Me 3,,17246668.85,1034800131.0,59
Finding Dory,,17154449.816666666,1029266989.0,94
Star Wars: Episode I - The Phantom Menace,,17118045.116666667,1027082707.0,51
Zootopia,,17092028.15,1025521689.0,98
Alice in Wonderland,,17091136.933333334,1025468216.0,51
Alice in Wonderland,,17091136.933333334,1025468216.0,51
Harry Potter and the Sorcerer's Stone,,17064048.966666665,1023842938.0,81
The Hobbit: An Unexpected Journey,,16950510.85,1017030651.0,64
The Dark Knight,,16770569.45,1006234167.0,94
Jumanji: Welcome to the Jungle,,16588985.283333333,995339117.0,76
Despicable Me 2,,16179433.416666666,970766005.0,75
The Lion King,,16141863.416666666,968511805.0,93
The Lion King,,16141863.416666666,968511805.0,93
The Jungle Book,,16128746.25,967724775.0,94
The Jungle Book,,16128746.25,967724775.0,94
The Hobbit: The Battle of the Five Armies,,16036688.966666667,962201338.0,59
The Hobbit: The Desolation of Smaug,,15983799.866666667,959027992.0,74
The Lord of the Rings: The Two Towers,,15799071.166666666,947944270.0,95
Harry Potter and the Order of the Phoenix,,15704634.083333334,942278045.0,78
Finding Nemo,,15693966.0,941637960.0,99
Harry Potter and the Half-Blood Prince,,15575078.333333334,934504700.0,84
Shrek 2,,15479346.166666666,928760770.0,89
Harry Potter and the Chamber of Secrets,,15417573.683333334,925054421.0,82
Bohemian Rhapsody,,15180155.183333334,910809311.0,60
The Lord of the Rings: The Fellowship of the Ring,,14970073.666666666,898204420.0,91
Harry Potter and the Goblet of Fire,,14946918.433333334,896815106.0,88
Spider-Man 3,,14916389.55,894983373.0,63
The Secret Life of Pets,,14905474.483333332,894328469.0,72
Spectre,,14678421.866666667,880705312.0,63
Spider-Man: Homecoming,,14669448.733333332,880166924.0,92
Ice Age: Continental Drift,,14620746.366666667,877244782.0,37
Batman v Superman: Dawn of Justice,,14560625.466666667,873637528.0,29
Star Wars: Episode III - Revenge of the Sith,,14473176.0,868390560.0,79
The Hunger Games: Catching Fire,,14416862.433333334,865011746.0,90
Guardians of the Galaxy Vol. 2,,14395934.183333334,863756051.0,85
Inside Out,,14314133.65,858848019.0,98
Venom,,14268085.85,856085151.0,30
Venom,,14268085.85,856085151.0,30
Thor: Ragnarok,,14255030.1,855301806.0,93
Inception,,13947468.366666667,836848102.0,87
Transformers: Revenge of the Fallen,,13938394.883333333,836303693.0,20
Spider-Man,,13750417.266666668,825025036.0,90
Wonder Woman,,13714238.1,822854286.0,93
Wonder Woman,,13700162.733333332,822009764.0,93
Independence Day,,13623348.183333334,817400891.0,67
Coco,,13572284.233333332,814337054.0,97
Fantastic Beasts and Where to Find Them,,13567400.016666668,814044001.0,74
Shrek the Third,,13556123.0,813367380.0,41
Jumanji: The Next Level,,13361565.483333332,801693929.0,71
Harry Potter and the Prisoner of Azkaban,,13294346.1,797660766.0,90
Pirates of the Caribbean: Dead Men Tell No Tales,,13265371.633333333,795922298.0,30
Mission: Impossible - Fallout,,13194289.966666667,791657398.0,97
2012,,13186963.766666668,791217826.0,39
Indiana Jones and the Kingdom of the Crystal Skull,,13177565.7,790653942.0,78
Spider-Man 2,,13149607.55,788976453.0,93
Fast & Furious 6,,13144682.8,788680968.0,70
Deadpool 2,,13098276.816666666,785896609.0,84
Deadpool,,13047279.85,782836791.0,85
Star Wars: Episode IV - A New Hope,,12923300.116666667,775398007.0,93
Interstellar,,12897786.933333334,773867216.0,73
Guardians of the Galaxy,,12889169.116666667,773350147.0,92
Fast & Furious Presents: Hobbs & Shaw,,12678882.1,760732926.0,68
The Da Vinci Code,,12666782.416666666,760006945.0,25
Maleficent,,12664228.083333334,759853685.0,54
The Amazing Spider-Man,,12632177.716666667,757930663.0,71
The Hunger Games: Mockingjay - Part 1,,12589278.516666668,755356711.0,69
Shrek Forever After,,12543347.783333333,752600867.0,57
Gravity,,12467499.15,748049949.0,96
Madagascar 3: Europe's Most Wanted,,12448687.9,746921274.0,78
Suicide Squad,,12447448.233333332,746846894.0,26
X-Men: Days of Future Past,,12434095.0,746045700.0,90
Monsters University,,12392660.75,743559645.0,80
The Matrix Reloaded,,12364132.283333333,741847937.0,73
Up,,12251651.7,735099102.0,98
Captain America: The Winter Soldier,,11907025.05,714421503.0,90
The Twilight Saga: New Moon,,11850424.683333334,711025481.0,29
Transformers,,11828496.333333334,709709780.0,58
The Amazing Spider-Man 2,,11816372.05,708982323.0,51
It,,11697375.85,701842551.0,86
The Twilight Saga: Eclipse,,11641830.416666666,698509825.0,47
Mamma Mia!,,11574613.033333333,694476782.0,55
The Hunger Games,,11573245.4,694394724.0,84
Forrest Gump,,11303774.416666666,678226465.0,71
Doctor Strange,,11296601.266666668,677796076.0,89
The Sixth Sense,,11213440.533333333,672806432.0,86
Man of Steel,,11134091.966666667,668045518.0,56
Kung Fu Panda 2,,11094871.35,665692281.0,81
Moana,,11084485.65,665069139.0,95
Justice League,,10965449.783333333,657926987.0,39
Big Hero 6,,10964494.766666668,657869686.0,90
Fantastic Beasts: The Crimes of Grindelwald,,10914265.016666668,654855901.0,36
Pirates of the Caribbean: The Curse of the Black Pearl,,10904400.25,654264015.0,80
Star Wars: Episode II - Attack of the Clones,,10896332.833333334,653779970.0,65
The Hunger Games: Mockingjay - Part 2,,10890471.016666668,653428261.0,70
Thor: The Dark World,,10746385.666666666,644783140.0,66
Sing,,10572306.4,634338384.0,71
Kung Fu Panda,,10534719.95,632083197.0,87
The Incredibles,,10526784.216666667,631607053.0,87
The Martian,,10510346.966666667,630620818.0,91
Hancock,,10490723.8,629443428.0,41
Fast Five,,10435627.916666666,626137675.0,78
Iron Man 2,,10398888.85,623933331.0,71
Ratatouille,,10395434.75,623726085.0,96
Ant-Man and the Wasp,,10377902.316666666,622674139.0,87
How to Train Your Dragon 2,,10358958.65,621537519.0,92
Logan,,10319665.833333334,619179950.0,94
Casino Royale,,10275086.033333333,616505162.0,94
Casino Royale,,10275086.033333333,616505162.0,94
The Passion of the Christ,,10200908.433333334,612054506.0,49
Life of Pi,,10150276.083333334,609016565.0,86
Transformers: The Last Knight,,10090419.283333333,605425157.0,16
Madagascar: Escape 2 Africa,,10065005.9,603900354.0,64
War of the Worlds,,10064551.983333332,603873119.0,75
Tangled,,9874380.266666668,592462816.0,89
Ready Player One,,9870695.466666667,592241728.0,72
Quantum of Solace,,9826341.366666667,589580482.0,64
Men in Black,,9823175.65,589390539.0,91
The Croods,,9787266.383333333,587235983.0,71
The Hangover Part II,,9779405.083333334,586764305.0,34
Iron Man,,9763270.783333333,585796247.0,94
I Am Legend,,9756834.2,585410052.0,68
"Monsters, Inc.",,9661795.633333333,579707738.0,96
Night at the Museum,,9574687.15,574481229.0,43
Fifty Shades of Grey,,9494191.116666667,569651467.0,24
Kong: Skull Island,,9444213.533333333,566652812.0,75
The Smurfs,,9395822.05,563749323.0,21
Cars 2,,9330873.266666668,559852396.0,39
King Kong,,9281772.966666667,556906378.0,84
King Kong,,9281772.966666667,556906378.0,84
King Kong,,9281772.966666667,556906378.0,84
Puss in Boots,,9249791.283333333,554987477.0,86
Armageddon,,9228496.466666667,553709788.0,38
The Day After Tomorrow,,9210659.516666668,552639571.0,45
Ted,,9156138.583333334,549368315.0,69
American Sniper,,9124317.0,547459020.0,72
X-Men: Apocalypse,,9065568.416666666,543934105.0,47
Sherlock Holmes: A Game of Shadows,,9064140.3,543848418.0,59
Despicable Me,,9052633.083333334,543157985.0,80
Cinderella,,9039305.516666668,542358331.0,83
Cinderella,,9039305.516666668,542358331.0,83
Madagascar,,9034397.433333334,542063846.0,55
World War Z,,9007597.933333334,540455876.0,66
Brave,,8983053.45,538983207.0,79
Star Wars: Episode V - The Empire Strikes Back,,8972917.783333333,538375067.0,94
The Simpsons Movie,,8940238.216666667,536414293.0,87
The Revenant,,8882508.383333333,532950503.0,78
The Meg,,8841955.333333334,530517320.0,46
Ralph Breaks the Internet,,8822066.033333333,529323962.0,88
Hotel Transylvania 3: Summer Vacation,,8809729.566666666,528583774.0,62
The Boss Baby,,8799432.266666668,527965936.0,53
Dunkirk,,8783605.116666667,527016307.0,92
The Grinch,,8779343.866666667,526760632.0,59
Godzilla,,8749601.15,524976069.0,76
Godzilla,,8749601.15,524976069.0,76
How to Train Your Dragon: The Hidden World,,8743009.866666667,524580592.0,90
Sherlock Holmes,,8733811.316666666,524028679.0,69
Meet the Fockers,,8710965.6,522657936.0,38
Kung Fu Panda 3,,8686180.416666666,521170825.0,86
Terminator 2: Judgment Day,,8681352.566666666,520881154.0,93
Ant-Man,,8655199.416666666,519311965.0,83
Ghost,,8428392.616666667,505703557.0,75
Aladdin,,8400836.983333332,504050219.0,95
Aladdin,,8400836.983333332,504050219.0,95
Gladiator,,8386038.55,503162313.0,79
Rio 2,,8313018.616666666,498781117.0,48
Troy,,8290164.2,497409852.0,53
Toy Story 2,,8289589.683333334,497375381.0,100
How to Train Your Dragon,,8247991.183333334,494879471.0,99
Twister,,8243010.25,494580615.0,63
Oz the Great and Powerful,,8221863.75,493311825.0,56
Clash of the Titans,,8220249.883333334,493214993.0,27
Clash of the Titans,,8220249.883333334,493214993.0,27
Maleficent: Mistress of Evil,,8195501.483333333,491730089.0,39
War for the Planet of the Apes,,8178662.716666667,490719763.0,94
Shrek,,8140689.466666667,488441368.0,88
Mr. & Mrs. Smith,,8121460.766666667,487287646.0,59
Angels & Demons,,8098846.933333334,485930816.0,37
Teenage Mutant Ninja Turtles,,8083412.566666666,485004754.0,21
Bruce Almighty,,8076547.9,484592874.0,48
The King's Speech,,8067814.35,484068861.0,94
Rio,,8064446.2,483866772.0,72
Saving Private Ryan,,8039160.05,482349603.0,94
Rise of the Planet of the Apes,,8030014.55,481800873.0,82
Home Alone,,7944744.583333333,476684675.0,66
Jaws,,7941867.75,476512065.0,97
Hotel Transylvania 2,,7919778.433333334,475186706.0,55
Star Wars: Episode VI - Return of the Jedi,,7918436.283333333,475106177.0,83
Charlie and the Chocolate Factory,,7916146.05,474968763.0,83
Indiana Jones and the Last Crusade,,7902863.433333334,474171806.0,88
San Andreas,,7900152.566666666,474009154.0,48
It Chapter Two,,7885375.416666667,473122525.0,62
La La Land,,7866606.183333334,471996371.0,91
The Hangover,,7822134.65,469328079.0,79
Lucy,,7817642.9,469058574.0,66
Bumblebee,,7799827.416666667,467989645.0,91
Star Trek Into Darkness,,7789420.766666667,467365246.0,84
The Matrix,,7787045.466666667,467222728.0,88
Pretty Woman,,7723437.8,463406268.0,66
Cars,,7699864.45,461991867.0,74
X-Men: The Last Stand,,7673921.516666667,460435291.0,57
National Treasure: Book of Secrets,,7654037.483333333,459242249.0,36
National Treasure: Book of Secrets,,7628273.183333334,457696391.0,36
300,,7601372.383333334,456082343.0,61
The Last Samurai,,7577121.05,454627263.0,66
Ocean's Eleven,,7511952.5,450717150.0,83
Thor,,7488776.966666667,449326618.0,77
Pearl Harbor,,7487015.75,449220945.0,24
Tarzan,,7469863.65,448191819.0,89
Men in Black II,,7418921.466666667,445135288.0,38
The Bourne Ultimatum,,7401667.25,444100035.0,92
The Mummy Returns,,7388015.066666666,443280904.0,47
Alvin and the Chipmunks: The Squeakquel,,7385666.75,443140005.0,21
Les Misérables,,7371655.15,442299309.0,69
The Exorcist,,7355102.416666667,441306145.0,84
Mrs. Doubtfire,,7354769.916666667,441286195.0,70
Terminator Genisys,,7343392.283333333,440603537.0,26
Warcraft,,7317481.9,439048914.0,29
A Star Is Born,,7270552.033333333,436233122.0,90
A Star Is Born,,7270552.033333333,436233122.0,90
The Greatest Showman,,7262208.816666666,435732529.0,56
Die Another Day,,7199518.6,431971116.0,55
The Secret Life of Pets 2,,7184306.916666667,431058415.0,60
Cast Away,,7160535.7,429632142.0,89
Rampage,,7133803.883333334,428028233.0,51
The Matrix Revolutions,,7122405.416666667,427344325.0,34
The Intouchables,,7109808.5,426588510.0,76
Bad Boys for Life,,7108420.733333333,426505244.0,76
Django Unchained,,7101239.55,426074373.0,87
Beauty and the Beast,,7082793.666666667,424967620.0,94
Beauty and the Beast,,7082793.666666667,424967620.0,94
The Chronicles of Narnia: Prince Caspian,,6994426.133333334,419665568.0,66
Sex and the City,,6979425.316666666,418765519.0,49
The Mummy,,6932223.433333334,415933406.0,61
The Mummy,,6932223.433333334,415933406.0,61
The Mummy,,6932223.433333334,415933406.0,61
The Chronicles of Narnia: The Voyage of the Dawn Treader,,6928103.616666666,415686217.0,50
Jason Bourne,,6924748.566666666,415484914.0,54
Mad Max: Fury Road,,6921023.033333333,415261382.0,97
The Wolverine,,6913804.1,414828246.0,71
Kingsman: The Secret Service,,6905859.1,414351546.0,75
The Bodyguard,,6850774.15,411046449.0,38
Pacific Rim,,6850048.433333334,411002906.0,72
Kingsman: The Golden Circle,,6848377.7,410902662.0,50
The Mummy,,6820526.783333333,409231607.0,61
The Mummy,,6820526.783333333,409231607.0,61
The Mummy,,6820526.783333333,409231607.0,61
Ice Age: Collision Course,,6812582.916666667,408754975.0,18
Twilight,,6807173.583333333,408430415.0,49
Twilight,,6807173.583333333,408430415.0,49
Signs,,6804131.95,408247917.0,75
X2: X-Men United,,6795192.483333333,407711549.0,85
The Wolf of Wall Street,,6781303.883333334,406878233.0,80
Alita: Battle Angel,,6749675.716666667,404980543.0,61
The Mummy: Tomb of the Dragon Emperor,,6724163.833333333,403449830.0,13
Prometheus,,6722574.483333333,403354469.0,73
Mamma Mia! Here We Go Again,,6704414.05,402264843.0,79
Dune,,6700463.833333333,402027830.0,83
Mission: Impossible III,,6641324.95,398479497.0,71
Snow White and the Huntsman,,6609880.483333333,396592829.0,49
Grease,,6604518.383333334,396271103.0,76
Toy Story,,6573943.1,394436586.0,100
Solo: A Star Wars Story,,6548746.783333333,392924807.0,69
Superman Returns,,6518019.866666666,391081192.0,74
Robin Hood: Prince of Thieves,,6508231.8,390493908.0,50
Independence Day: Resurgence,,6494698.916666667,389681935.0,29
Live Free or Die Hard,,6469266.85,388156011.0,82
Godzilla: King of the Monsters,,6443335.633333334,386600138.0,42
Home,,6434026.783333333,386041607.0,52
Home,,6434026.783333333,386041607.0,52
Star Trek,,6428007.433333334,385680446.0,94
1917,,6407999.0,384479940.0,89
Happy Feet,,6405601.8,384336108.0,76
Spider-Man: Into the Spider-Verse,,6404282.166666667,384256930.0,97
Cars 3,,6398844.266666667,383930656.0,69
Back to the Future,,6388946.033333333,383336762.0,97
Ice Age,,6387618.933333334,383257136.0,77
Fifty Shades Darker,,6359097.433333334,381545846.0,11
Monsters vs. Aliens,,6358497.833333333,381509870.0,74
Godzilla,,6316904.9,379014294.0,76
Godzilla,,6316904.9,379014294.0,76
Slumdog Millionaire,,6306842.366666666,378410542.0,91
Taken 2,,6269207.583333333,376152455.0,22
G.I. Joe: Retaliation,,6262345.083333333,375740705.0,28
Shark Tale,,6243064.65,374583879.0,35
What Women Want,,6235195.116666666,374111707.0,54
The Adventures of Tintin,,6233232.516666667,373993951.0,74
Batman Begins,,6227883.216666667,373672993.0,84
The Golden Compass,,6203914.4,372234864.0,43
Fifty Shades Freed,,6199750.3,371985018.0,11
Hitch,,6193236.833333333,371594210.0,69
Terminator Salvation,,6189216.683333334,371353001.0,33
Captain America: The First Avenger,,6176162.9,370569774.0,80
There's Something About Mary,,6164744.183333334,369884651.0,84
Gone Girl,,6155506.05,369330363.0,88
The Fugitive,,6147929.333333333,368875760.0,96
Jurassic Park III,,6146346.816666666,368780809.0,49
My Big Fat Greek Wedding,,6145734.066666666,368744044.0,76
Shazam!,,6101334.15,366080049.0,90
The Nun,,6093046.616666666,365582797.0,25
Alvin and the Chipmunks,,6089209.1,365352546.0,28
Notting Hill,,6064827.966666667,363889678.0,84
A Bug's Life,,6054314.316666666,363258859.0,92
Night at the Museum: Secret of the Tomb,,6053410.583333333,363204635.0,47
Ocean's Twelve,,6045738.0,362744280.0,55
Planet of the Apes,,6036862.333333333,362211740.0,44
Planet of the Apes,,6036862.333333333,362211740.0,44
The Hangover Part III,,6033334.533333333,362000072.0,20
The World Is Not Enough,,6030540.0,361832400.0,51
Fast & Furious,,6006114.5,360366870.0,28
Noah,,5986667.4,359200044.0,75
The Karate Kid,,5985433.7,359126022.0,89
The Karate Kid,,5985433.7,359126022.0,89
Home Alone 2: Lost in New York,,5983247.5,358994850.0,35
Hotel Transylvania,,5972926.716666667,358375603.0,44
Minority Report,,5972882.1,358372926.0,90
Top Gun,,5954802.966666667,357288178.0,58
The Legend of Tarzan,,5945005.95,356700357.0,35
American Beauty,,5938276.683333334,356296601.0,87
Spirited Away,,5930371.983333333,355822319.0,97
Apollo 13,,5920632.216666667,355237933.0,96
Rain Man,,5913757.25,354825435.0,89
The Great Gatsby,,5894330.85,353659851.0,48
The Great Gatsby,,5894330.85,353659851.0,48
Dumbo,,5888077.016666667,353284621.0,98
Dumbo,,5888077.016666667,353284621.0,98
"I, Robot",,5885564.966666667,353133898.0,98
Basic Instinct,,5882120.4,352927224.0,57
Murder on the Orient Express,,5879901.35,352794081.0,61
X-Men: First Class,,5876944.833333333,352616690.0,86
The Angry Birds Movie,,5872232.15,352333929.0,43
GoldenEye,,5869900.566666666,352194034.0,80
Catch Me If You Can,,5868571.866666666,352114312.0,96
Now You See Me,,5862066.483333333,351723989.0,50
Hannibal,,5861537.8,351692268.0,39
The Mask,,5859723.45,351583407.0,80
Peter Rabbit,,5858267.766666667,351496066.0,63
Speed,,5840802.416666667,350448145.0,94
Dinosaur,,5830379.416666667,349822765.0,65
Deep Impact,,5824411.066666666,349464664.0,46
The Maze Runner,,5805331.016666667,348319861.0,65
The Smurfs 2,,5792422.666666667,347545360.0,14
National Treasure,,5791871.966666667,347512318.0,46
Rush Hour 2,,5788763.366666666,347325802.0,51
Trolls,,5786381.433333334,347182886.0,75
xXx: Return of Xander Cage,,5768637.95,346118277.0,45
Pocahontas,,5767996.216666667,346079773.0,54
How the Grinch Stole Christmas,,5763717.2,345823032.0,49
Star Trek Beyond,,5724530.266666667,343471816.0,86
Alvin and the Chipmunks: Chipwrecked,,5711590.583333333,342695435.0,12
Wanted,,5707717.716666667,342463063.0,71
The Flintstones,,5693853.466666667,341631208.0,21
A Quiet Place,,5682549.516666667,340952971.0,96
Enchanted,,5674797.266666667,340487836.0,93
Over the Hedge,,5663264.833333333,339795890.0,75
300: Rise of an Empire,,5626334.183333334,337580051.0,45
Batman Forever,,5609452.633333334,336567158.0,39
Prince of Persia: The Sands of Time,,5606094.6,336365676.0,37
The Curious Case of Benjamin Button,,5596713.1,335802786.0,71
Journey 2: The Mysterious Island,,5588129.133333334,335287748.0,45
The Rock,,5584377.016666667,335062621.0,68
The Great Wall,,5582230.516666667,334933831.0,35
Now You See Me 2,,5581626.766666667,334897606.0,34
Fantastic Four,,5558932.233333333,333535934.0,28
Fantastic Four,,5558932.233333333,333535934.0,28
Indiana Jones and the Temple of Doom,,5551787.85,333107271.0,83
Tomorrow Never Dies,,5550184.466666667,333011068.0,57
Back to the Future Part II,,5541666.7,332500002.0,63
The Good Dinosaur,,5536794.516666667,332207671.0,75
22 Jump Street,,5522231.266666667,331333876.0,84
Meet the Parents,,5507400.75,330444045.0,84
Who Framed Roger Rabbit,,5496732.633333334,329803958.0,97
Black Swan,,5489967.433333334,329398046.0,85
The Perfect Storm,,5478640.566666666,328718434.0,85
John Wick: Chapter 3 - Parabellum,,5472489.783333333,328349387.0,89
Crocodile Dundee,,5470058.433333334,328203506.0,89
The Devil Wears Prada,,5445101.916666667,326706115.0,75
Taken 3,,5441319.016666667,326479141.0,13
The Hunchback of Notre Dame,,5422314.183333334,325338851.0,71
The Hunchback of Notre Dame,,5422314.183333334,325338851.0,71
The SpongeBob Movie: Sponge Out of Water,,5419767.2,325186032.0,81
Schindler's List,,5369354.083333333,322161245.0,98
Megamind,,5364762.75,321885765.0,72
The Conjuring 2,,5363905.85,321834351.0,80
Green Book,,5362544.266666667,321752656.0,77
Lethal Weapon 3,,5362192.116666666,321731527.0,58
Robin Hood,,5361162.35,321669741.0,43
Robin Hood,,5361162.35,321669741.0,43
Robin Hood,,5361162.35,321669741.0,43
Inglourious Basterds,,5357629.116666666,321457747.0,89
101 Dalmatians,,5344821.566666666,320689294.0,41
101 Dalmatians,,5344821.566666666,320689294.0,41
The Conjuring,,5340104.033333333,320406242.0,86
Fatal Attraction,,5335761.55,320145693.0,75
Sonic the Hedgehog,,5328594.716666667,319715683.0,63
The Last Airbender,,5328564.683333334,319713881.0,5
The Proposal,,5289583.85,317375031.0,45
The Polar Express,,5281629.783333333,316897787.0,56
A Beautiful Mind,,5279854.283333333,316791257.0,74
Beverly Hills Cop,,5272674.633333334,316360478.0,83
Air Force One,,5252606.816666666,315156409.0,78
Wonder,,5250432.166666667,315025930.0,85
The Expendables 2,,5249599.25,314975955.0,67
Chicken Little,,5240547.283333333,314432837.0,36
As Good as It Gets,,5236300.183333334,314178011.0,86
Knives Out,,5214965.333333333,312897920.0,97
Maze Runner: The Scorch Trials,,5204934.266666667,312296056.0,48
Resident Evil: The Final Chapter,,5204043.766666667,312242626.0,37
The Lego Batman Movie,,5202277.85,312136671.0,90
Austin Powers: The Spy Who Shagged Me,,5200282.133333334,312016928.0,53
Ocean's Thirteen,,5188543.733333333,311312624.0,70
Little Fockers,,5177509.75,310650585.0,9
Bolt,,5166333.233333333,309979994.0,90
Ransom,,5158211.35,309492681.0,74
Runaway Bride,,5157671.533333333,309460292.0,46
The Blind Side,,5153861.566666666,309231694.0,66
The Pursuit of Happyness,,5118793.75,307127625.0,67
Rise of the Guardians,,5115694.5,306941670.0,74
Close Encounters of the Third Kind,,5114818.566666666,306889114.0,94
Chicago,,5112945.533333333,306776732.0,86
Annabelle: Creation,,5108598.066666666,306515884.0,70
Bridesmaids,,5107368.083333333,306442085.0,89
Skyscraper,,5081149.35,304868961.0,48
Mulan,,5072004.233333333,304320254.0,86
Passengers,,5052402.533333333,303144152.0,30
Battleship,,5050424.75,303025485.0,33
G.I. Joe: The Rise of Cobra,,5041150.283333333,302469017.0,33
Wrath of the Titans,,5032834.716666667,301970083.0,26
Fantastic Four: Rise of the Silver Surfer,,5031885.516666667,301913131.0,37
Hook,,5014247.05,300854823.0,29
Superman,,5007974.15,300478449.0,93
Rocky IV,,5007895.266666667,300473716.0,37
Rambo: First Blood Part II,,5006673.866666666,300400432.0,33
Resident Evil: Afterlife,,5003801.4,300228084.0,21
Van Helsing,,5002627.3,300157638.0,21
Stuart Little,,5002256.116666666,300135367.0,67
Beverly Hills Cop II,,4999417.266666667,299965036.0,46
Alice Through the Looking Glass,,4997013.3,299820798.0,29
My Best Friend's Wedding,,4988143.416666667,299288605.0,74
Real Steel,,4987808.466666667,299268508.0,60
Look Who's Talking,,4949996.883333334,296999813.0,55
Austin Powers in Goldmember,,4948980.016666667,296938801.0,53
Ghostbusters,,4942979.95,296578797.0,95
Miss Peregrine's Home for Peculiar Children,,4941374.1,296482446.0,64
X-Men,,4938992.133333334,296339528.0,82
Ferdinand,,4934486.65,296069199.0,71
Shutter Island,,4913428.283333333,294805697.0,68
Bee Movie,,4891905.6,293514336.0,49
Salt,,4891722.566666666,293503354.0,62
G-Force,,4880298.3,292817898.0,22
The Departed,,4858007.533333333,291480452.0,90
What Lies Beneath,,4857005.85,291420351.0,47
The Bourne Supremacy,,4847254.483333333,290835269.0,82
Sex and the City 2,,4845750.916666667,290745055.0,15
Shakespeare in Love,,4821963.233333333,289317794.0,92
Divergent,,4814763.633333334,288885818.0,41
Coming to America,,4812538.35,288752301.0,73
Wedding Crashers,,4808085.583333333,288485135.0,75
Maze Runner: The Death Cure,,4802922.25,288175335.0,43
Casper,,4798803.233333333,287928194.0,51
American Pie 2,,4792559.916666667,287553595.0,52
Pitch Perfect 2,,4785734.65,287144079.0,65
The Green Mile,,4780022.9,286801374.0,79
Oblivion,,4769476.2,286168572.0,54
Elysium,,4769011.666666667,286140700.0,64
Lethal Weapon 4,,4757410.05,285444603.0,52
John Carter,,4735651.666666667,284139100.0,52
Turbo,,4709511.366666666,282570682.0,67
Paddington,,4706294.716666667,282377683.0,97
Bridget Jones's Diary,,4699926.833333333,281995610.0,80
The Tourist,,4646340.683333334,278780441.0,21
Split,,4640906.95,278454417.0,78
Scary Movie,,4633662.85,278019771.0,51
The Bourne Legacy,,4602412.5,276144750.0,55
Mr. Peabody & Sherman,,4594967.316666666,275698039.0,81
Scooby-Doo,,4594643.55,275678613.0,32
Lincoln,,4588224.166666667,275293450.0,89
Tomb Raider,,4577513.383333334,274650803.0,53
The Expendables,,4574506.566666666,274470394.0,42
Cloudy with a Chance of Meatballs 2,,4572099.15,274325949.0,71
Bad Boys II,,4555659.266666667,273339556.0,23
Lilo & Stitch,,4552402.516666667,273144151.0,87
The Silence of the Lambs,,4545715.366666666,272742922.0,95
Grown Ups,,4524288.35,271457301.0,11
Neighbors,,4511085.566666666,270665134.0,73
The Firm,,4504139.45,270248367.0,76
Gran Torino,,4499303.8,269958228.0,81
American Gangster,,4495923.833333333,269755430.0,81
Epic,,4473777.233333333,268426634.0,64
Exodus: Gods and Kings,,4469593.85,268175631.0,30
Blade Runner 2049,,4462845.133333334,267770708.0,88
Bambi,,4457452.5,267447150.0,91
The Princess and the Frog,,4450762.75,267045765.0,85
Batman Returns,,4448588.116666666,266915287.0,81
Indecent Proposal,,4443567.65,266614059.0,34
Something's Gotta Give,,4422145.633333334,265328738.0,72
Bridget Jones: The Edge of Reason,,4418781.966666667,265126918.0,27
The Incredible Hulk,,4412849.933333334,264770996.0,67
Waterworld,,4403637.0,264218220.0,45
The Truman Show,,4401970.016666667,264118201.0,95
Charlie's Angels,,4401759.083333333,264105545.0,68
Charlie's Angels,,4401759.083333333,264105545.0,68
The Fifth Element,,4398669.666666667,263920180.0,71
Jumanji,,4380365.666666667,262821940.0,52
Robots,,4375191.5,262511490.0,64
Total Recall,,4355298.683333334,261317921.0,83
Total Recall,,4355298.683333334,261317921.0,83
Terminator: Dark Fate,,4351988.2,261119292.0,70
The Lone Ranger,,4341701.916666667,260502115.0,31
Super 8,,4334933.1,260095986.0,81
Halloween,,4332330.583333333,259939835.0,96
Halloween,,4332330.583333333,259939835.0,96
Halloween,,4332330.583333333,259939835.0,96
Rush Hour 3,,4301618.7,258097122.0,17
The Full Monty,,4298977.483333333,257938649.0,96
Annabelle,,4293162.016666667,257589721.0,28
The Village,,4278292.0,256697520.0,43
Erin Brockovich,,4271188.1,256271286.0,85
Us,,4267785.816666666,256067149.0,93
Get Out,,4262419.283333333,255745157.0,98
Marley & Me,,4262384.883333334,255743093.0,63
Cliffhanger,,4250003.516666667,255000211.0,67
Babe,,4235581.833333333,254134910.0,97
Wild Hogs,,4227090.45,253625427.0,14
High School Musical 3: Senior Year,,4215152.95,252909177.0,64
Hercules,,4211868.35,252712101.0,82
Hercules,,4211868.35,252712101.0,82
True Grit,,4204615.45,252276927.0,95
True Grit,,4204615.45,252276927.0,95
Dolittle,,4190177.183333333,251410631.0,15
Bean,,4186877.8333333335,251212670.0,43
American Hustle,,4186196.783333333,251171807.0,92
Enemy of the State,,4180829.816666667,250849789.0,70
You've Got Mail,,4180358.25,250821495.0,70
Eragon,,4173758.533333333,250425512.0,70
Brother Bear,,4173296.6333333333,250397798.0,37
The Godfather,,4172363.6,250341816.0,97
The Mask of Zorro,,4171475.3833333333,250288523.0,83
The Ring,,4155815.55,249348933.0,71
The Blair Witch Project,,4143984.9833333334,248639099.0,86
Unbreakable,,4135302.0166666666,248118121.0,70
Love Actually,,4132220.8,247933248.0,64
Dumb and Dumber,,4121505.45,247290327.0,68
Glass,,4116650.65,246999039.0,36
Grown Ups 2,,4116404.6333333333,246984278.0,8
The Peanuts Movie,,4103885.216666667,246233113.0,87
Rango,,4095410.05,245724603.0,88
Four Weddings and a Funeral,,4095013.8666666667,245700832.0,96
Face/Off,,4094602.433333333,245676146.0,92
Teenage Mutant Ninja Turtles: Out of the Shadows,,4093730.8,245623848.0,37
Dark Shadows,,4092119.15,245527149.0,35
Hulk,,4088086.0833333335,245285165.0,62
Back to the Future Part III,,4084626.3833333333,245077583.0,80
Pixels,,4081246.816666667,244874809.0,18
Hercules,,4080331.033333333,244819862.0,82
Hercules,,4080331.033333333,244819862.0,82
Rush Hour,,4078684.4,244721064.0,61
Journey to the Center of the Earth,,4070544.8,244232688.0,61
Journey to the Center of the Earth,,4070544.8,244232688.0,61
After Earth,,4060199.7,243611982.0,12
A Few Good Men,,4054002.966666667,243240178.0,84
8 Mile,,4047917.966666667,242875078.0,75
Daddy's Home,,4046435.6166666667,242786137.0,30
RoboCop,,4044816.0833333335,242688965.0,91
RoboCop,,4044816.0833333335,242688965.0,91
Eraser,,4038259.3666666667,242295562.0,42
Alien: Covenant,,4014862.716666667,240891763.0,65
Sully,,4013293.716666667,240797623.0,85
Assassin's Creed,,4011630.933333333,240697856.0,19
Click,,4011422.1,240685326.0,34
Planes,,4002863.05,240171783.0,25
Resident Evil: Retribution,,4002654.25,240159255.0,28
Die Hard 2,,4000521.2333333334,240031274.0,70
Crocodile Dundee II,,3993436.8333333335,239606210.0,9
Crazy Rich Asians,,3980728.816666667,238843729.0,91
Batman & Robin,,3970595.316666667,238235719.0,12
Howl's Moving Castle,,3958935.433333333,237536126.0,87
Gulliver's Travels,,3956378.7333333334,237382724.0,20
Saturday Night Fever,,3951886.4,237113184.0,83
Silver Linings Playbook,,3940207.55,236412453.0,92
2 Fast 2 Furious,,3939177.683333333,236350661.0,36
Hidden Figures,,3932614.966666667,235956898.0,93
A.I. Artificial Intelligence,,3932109.2,235926552.0,75
Dead Poets Society,,3931001.933333333,235860116.0,84
Spy,,3927770.316666667,235666219.0,95
American Pie,,3924716.7333333334,235483004.0,61
American Reunion,,3916493.066666667,234989584.0,45
Big Daddy,,3913364.9166666665,234801895.0,39
Alvin and the Chipmunks: The Road Chip,,3913310.6,234798636.0,15
The Imitation Game,,3892595.1333333333,233555708.0,90
The Day the Earth Stood Still,,3884897.65,233093859.0,20
The Day the Earth Stood Still,,3884897.65,233093859.0,20
American Wedding,,3878715.5833333335,232722935.0,53
The Girl with the Dragon Tattoo,,3876957.1666666665,232617430.0,86
The Girl with the Dragon Tattoo,,3876957.1666666665,232617430.0,86
Juno,,3872878.0166666666,232372681.0,94
Argo,,3872091.716666667,232325503.0,96
Mr. Bean's Holiday,,3870431.8,232225908.0,51
The English Patient,,3866273.75,231976425.0,86
Sister Act,,3860085.8333333335,231605150.0,74
Annabelle Comes Home,,3854209.85,231252591.0,64
Constantine,,3848078.8,230884728.0,46
Get Smart,,3844757.55,230685453.0,51
Space Jam,,3843249.3666666667,230594962.0,43
The Heat,,3832179.5166666666,229930771.0,66
Ghostbusters,,3819125.15,229147509.0,95
Ghost Rider,,3812306.55,228738393.0,27
Paddington 2,,3799913.2,227994792.0,99
Lethal Weapon 2,,3797566.433333333,227853986.0,82
The Green Hornet,,3796954.1333333333,227817248.0,44
Out of Africa,,3791903.4166666665,227514205.0,61
Elf,,3789269.2666666666,227356156.0,85
Youth,,3784854.8333333335,227091290.0,71
Baby Driver,,3782418.1166666667,226945087.0,92
Immortals,,3781733.6166666667,226904017.0,49
Taken,,3780629.3333333335,226837760.0,59
Percy Jackson & the Olympians: The Lightning Thief,,3774953.4833333334,226497209.0,49
Valerian and the City of a Thousand Planets,,3766222.3333333335,225973340.0,48
Good Will Hunting,,3765557.25,225933435.0,97
Jumper,,3752201.8833333333,225132113.0,15
The Social Network,,3748672.9166666665,224920375.0,96
Chicken Run,,3747913.5166666666,224874811.0,97
Con Air,,3733537.2333333334,224012234.0,58
Flightplan,,3723121.65,223387299.0,37
Yes Man,,3720693.95,223241637.0,46
Non-Stop,,3713493.3333333335,222809600.0,61
"Honey, I Shrunk the Kids",,3712069.533333333,222724172.0,78
Wild Wild West,,3701744.683333333,222104681.0,16
Geostorm,,3693336.0,221600160.0,17
Presumed Innocent,,3688386.466666667,221303188.0,86
Scary Movie 3,,3677886.95,220673217.0,35
Collateral,,3670665.4166666665,220239925.0,86
Inferno,,3667020.9833333334,220021259.0,23
Knocked Up,,3665373.6166666667,219922417.0,89
Green Lantern,,3664186.2,219851172.0,26
What Happens in Vegas,,3656259.3666666667,219375562.0,25
It's Complicated,,3651727.5833333335,219103655.0,59
The Terminal,,3651668.066666667,219100084.0,61
Little Women,,3647394.0833333335,218843645.0,95
Little Women,,3647394.0833333335,218843645.0,95
Captain Phillips,,3646530.183333333,218791811.0,93
The Prince of Egypt,,3643553.1333333333,218613188.0,79
Jack Reacher,,3639009.9166666665,218340595.0,63
Kingdom of Heaven,,3635377.1166666667,218122627.0,39
The Emoji Movie,,3629610.7666666666,217776646.0,6
Dracula Untold,,3618738.0,217124280.0,25
Central Intelligence,,3616209.05,216972543.0,71
Million Dollar Baby,,3612727.433333333,216763646.0,90
The Help,,3610651.8666666667,216639112.0,76
Twins,,3610239.8,216614388.0,42
Valentine's Day,,3608808.8,216528528.0,18
Bad Teacher,,3603291.533333333,216197492.0,45
Clear and Present Danger,,3598128.6166666667,215887717.0,80
Ted 2,,3597726.7666666666,215863606.0,44
Dracula,,3597711.533333333,215862692.0,77
Vertical Limit,,3594397.65,215663859.0,48
The Patriot,,3588239.033333333,215294342.0,62
The Sorcerer's Apprentice,,3588062.3666666667,215283742.0,40
Just Go with It,,3582426.5166666666,214945591.0,19
The Expendables 3,,3577626.283333333,214657577.0,31
Dirty Dancing,,3576287.3666666667,214577242.0,71
Dirty Dancing,,3576287.3666666667,214577242.0,71
Creed II,,3570264.816666667,214215889.0,83
Smallfoot,,3568592.183333333,214115531.0,76
Public Enemies,,3568410.3333333335,214104620.0,68
The Bourne Identity,,3567237.066666667,214034224.0,84
Pulp Fiction,,3565479.3666666667,213928762.0,92
The Aviator,,3561999.033333333,213719942.0,86
"Crouching Tiger, Hidden Dragon",,3558762.2666666666,213525736.0,97
Braveheart,,3553603.6,213216216.0,75
Into the Woods,,3548372.8666666667,212902372.0,71
Bedtime Stories,,3547914.4,212874864.0,27
Miss Congeniality,,3545712.0,212742720.0,41
Entrapment,,3540073.2666666666,212404396.0,40
End of Days,,3533150.716666667,211989043.0,11
Bridget Jones's Baby,,3532540.3333333335,211952420.0,78
Fury,,3530378.283333333,211822697.0,76
Australia,,3529791.85,211787511.0,54
Due Date,,3529680.4,211780824.0,39
Master and Commander: The Far Side of the World,,3527042.25,211622535.0,85
The Little Mermaid,,3522391.316666667,211343479.0,92
District 9,,3514815.8333333335,210888950.0,90
Moonraker,,3505134.9833333334,210308099.0,59
The Others,,3499117.283333333,209947037.0,84
Horrible Bosses,,3497309.316666667,209838559.0,69
Red Dragon,,3486604.966666667,209196298.0,69
Tomorrowland,,3483927.8,209035668.0,50
Me Before You,,3471903.1,208314186.0,54
Safe House,,3467936.75,208076205.0,53
S.W.A.T.,,3462093.9833333334,207725639.0,48
The Fast and the Furious,,3458625.15,207517509.0,53
Traffic,,3458595.4166666665,207515725.0,92
Paranormal Activity 3,,3450664.066666667,207039844.0,66
Philadelphia,,3444640.6666666665,206678440.0,81
Sleepy Hollow,,3434525.033333333,206071502.0,70
The Holiday,,3430836.15,205850169.0,51
The Jungle Book,,3430726.8666666667,205843612.0,94
The Jungle Book,,3430726.8666666667,205843612.0,94
London Has Fallen,,3429240.783333333,205754447.0,27
The Break-Up,,3427803.5,205668210.0,34
The Ugly Truth,,3426656.55,205599393.0,14
JFK,,3423424.966666667,205405498.0,85
White House Down,,3422778.95,205366737.0,51
A Dog's Purpose,,3417263.65,205035819.0,35
Ponyo,,3413777.8,204826668.0,91
Eat Pray Love,,3409900.2666666666,204594016.0,36
The Addams Family,,3406569.716666667,204394183.0,67
The Addams Family,,3406569.716666667,204394183.0,67
Hairspray,,3393795.8833333333,203627753.0,92
Hairspray,,3393795.8833333333,203627753.0,92
King Arthur,,3392797.6166666667,203567857.0,31
Yogi Bear,,3391822.9,203509374.0,13
Everest,,3390459.7333333334,203427584.0,73
Vanilla Sky,,3389805.683333333,203388341.0,43
Arrival,,3389803.1,203388186.0,95
Patch Adams,,3371548.3666666667,202292902.0,21
Teenage Mutant Ninja Turtles,,3368079.2666666666,202084756.0,21
Kindergarten Cop,,3365961.466666667,201957688.0,53
Straight Outta Compton,,3360583.183333333,201634991.0,89
21 Jump Street,,3359755.466666667,201585328.0,85
Valkyrie,,3359091.95,201545517.0,62
Open Season,,3346861.4833333334,200811689.0,49
Cats & Dogs,,3344791.533333333,200687492.0,53
The Hunt for Red October,,3341877.3833333333,200512643.0,88
Percy Jackson: Sea of Monsters,,3330838.5833333335,199850315.0,42
Two Weeks Notice,,3317391.183333333,199043471.0,42
City of Angels,,3311418.566666667,198685114.0,87
The Pacifier,,3310614.466666667,198636868.0,21
50 First Dates,,3308682.2333333334,198520934.0,45
Total Recall,,3307786.1333333333,198467168.0,83
Total Recall,,3307786.1333333333,198467168.0,83
The Impossible,,3301453.533333333,198087212.0,81
Christopher Robin,,3295739.6166666667,197744377.0,72
Jack the Giant Slayer,,3294793.3833333333,197687603.0,52
Smurfs: The Lost Village,,3286392.433333333,197183546.0,40
Panic Room,,3284659.1,197079546.0,76
The Other Woman,,3278506.6,196710396.0,26
The Other Woman,,3278506.6,196710396.0,26
Stargate,,3276121.033333333,196567262.0,52
Beowulf,,3273229.0833333335,196393745.0,71
The Vow,,3268576.1666666665,196114570.0,31
Anger Management,,3262430.3833333333,195745823.0,42
Tropic Thunder,,3261716.05,195702963.0,82
The Shape of Water,,3255555.2,195333312.0,92
Rocketman,,3255340.0,195320400.0,92
The Pelican Brief,,3254467.6,195268056.0,54
The BFG,,3254056.85,195243411.0,74
Downton Abbey,,3244912.0833333335,194694725.0,84
The Intern,,3242744.533333333,194564672.0,59
The Sum of All Fears,,3232022.8666666667,193921372.0,59
Gangs of New York,,3229541.7333333334,193772504.0,72
The Post,,3229411.066666667,193764664.0,88
Paranormal Activity,,3222596.6666666665,193355800.0,83
The Equalizer,,3205512.3,192330738.0,60
The Addams Family,,3191707.1,191502426.0,67
The Addams Family,,3191707.1,191502426.0,67
The Longest Yard,,3191109.2666666666,191466556.0,31
The Longest Yard,,3191109.2666666666,191466556.0,31
The Lost City,,3180733.816666667,190844029.0,79
Cheaper by the Dozen,,3175643.8333333335,190538630.0,24
Abominable,,3171746.2,190304772.0,82
Hollow Man,,3170224.25,190213455.0,26
Outbreak,,3164326.0,189859560.0,59
Rambo III,,3150260.183333333,189015611.0,41
Jaws 2,,3131400.1166666667,187884007.0,61
12 Years a Slave,,3128886.7,187733202.0,95
Heat,,3123946.966666667,187436818.0,88
Mr. Popper's Penguins,,3122695.9,187361754.0,47
The Grudge,,3121351.9166666665,187281115.0,40
The Grudge,,3121351.9166666665,187281115.0,40
I Now Pronounce You Chuck & Larry,,3118901.95,187134117.0,14
The Horse Whisperer,,3114726.05,186883563.0,74
Walk the Line,,3113299.7666666666,186797986.0,82
The Jungle Book 2,,3105062.65,186303759.0,18
The Final Destination,,3102785.65,186167139.0,27
Inside Man,,3100059.85,186003591.0,86
The Waterboy,,3099860.7666666666,185991646.0,33
Hugo,,3096171.8333333335,185770310.0,93
Pitch Perfect 3,,3090005.75,185400345.0,28
Watchmen,,3089713.55,185382813.0,65
The Birdcage,,3087675.8833333333,185260553.0,82
Moulin Rouge!,,3082255.3333333335,184935320.0,75
Snow White and the Seven Dwarfs,,3082091.433333333,184925486.0,75
Hop,,3072785.75,184367145.0,24
Bad Moms,,3065601.2333333334,183936074.0,58
Jupiter Ascending,,3064795.3833333333,183887723.0,28
Knowing,,3060974.966666667,183658498.0,34
102 Dalmatians,,3060196.183333333,183611771.0,31
Storks,,3058504.6333333333,183510278.0,65
The Hitman's Bodyguard,,3057144.816666667,183428689.0,43
Paul Blart: Mall Cop,,3055807.15,183348429.0,34
Wayne's World,,3051622.05,183097323.0,79
Maverick,,3050521.2,183031272.0,67
Mirror Mirror,,3050308.7,183018522.0,50
The Man in the Iron Mask,,3049481.7,182968902.0,32
Cape Fear,,3038199.4833333334,182291969.0,75
Cape Fear,,3038199.4833333334,182291969.0,75
The Haunted Mansion,,3038171.1,182290266.0,14
While You Were Sleeping,,3034283.6,182057016.0,81
The Bridges of Madison County,,3033610.283333333,182016617.0,90
Poseidon,,3027913.6166666667,181674817.0,33
The First Wives Club,,3024820.05,181489203.0,50
Scooby-Doo 2: Monsters Unleashed,,3020652.2,181239132.0,22
Hot Shots!,,3018269.4,181096164.0,81
Road to Perdition,,3016691.3,181001478.0,81
The Scorpion King,,3010515.1166666667,180630907.0,41
Sweet Home Alabama,,3010373.7333333334,180622424.0,38
Daddy's Home 2,,3010230.4,180613824.0,21
Hacksaw Ridge,,3009393.933333333,180563636.0,84
Dangerous Minds,,2991990.0166666666,179519401.0,33
The Dictator,,2989658.8833333333,179379533.0,56
The League of Extraordinary Gentlemen,,2987753.4,179265204.0,17
Daredevil,,2986328.6333333333,179179718.0,43
City Slickers,,2983896.5166666666,179033791.0,88
He's Just Not That Into You,,2981102.6333333333,178866158.0,41
Eagle Eye,,2979456.3833333333,178767383.0,26
Along Came Polly,,2971862.15,178311729.0,27
Flushed Away,,2971359.2333333334,178281554.0,73
Scary Movie 4,,2971043.6666666665,178262620.0,34
Dante's Peak,,2968796.0,178127760.0,28
Brokeback Mountain,,2967712.65,178062759.0,88
Patriot Games,,2967526.45,178051587.0,74
Flubber,,2966287.1,177977226.0,23
Baywatch,,2964279.183333333,177856751.0,17
Double Jeopardy,,2964025.966666667,177841558.0,28
War Horse,,2959747.9833333334,177584879.0,75
Paranormal Activity 2,,2958533.8666666667,177512032.0,57
How to Lose a Guy in 10 Days,,2958373.1166666667,177502387.0,42
Hero,,2956592.6166666667,177395557.0,22
